<?xml version="1.0" encoding="UTF-8"?>
<project-private xmlns="http://www.netbeans.org/ns/project-private/1">
    <editor-bookmarks xmlns="http://www.netbeans.org/ns/editor-bookmarks/2" lastBookmarkId="0"/>
    <open-files xmlns="http://www.netbeans.org/ns/projectui-open-files/2">
        <group>
            <file>file:/C:/Users/user/Documents/NetBeansProjects/library_management/src/java/student.java</file>
            <file>file:/C:/Users/user/Documents/NetBeansProjects/library_management/src/java/loginservlet.java</file>
            <file>file:/C:/Users/user/Documents/NetBeansProjects/library_management/src/java/logout.java</file>
            <file>file:/C:/Users/user/Documents/NetBeansProjects/library_management/web/staffpage.html</file>
            <file>file:/C:/Users/user/Documents/NetBeansProjects/library_management/web/number2.html</file>
            <file>file:/C:/Users/user/Documents/NetBeansProjects/library_management/web/index.html</file>
            <file>file:/C:/Users/user/Documents/NetBeansProjects/library_management/web/external_user.html</file>
            <file>file:/C:/Users/user/Documents/NetBeansProjects/library_management/web/studentpage.html</file>
        </group>
    </open-files>
</project-private>
